<?xml version = "1.0" encoding="UTF-8" standalone="yes"?>
<VFPData xml:space="preserve">
	<xsd:schema id="VFPData" xmlns:xsd="http://www.w3.org/2001/XMLSchema" xmlns:msdata="urn:schemas-microsoft-com:xml-msdata">
		<xsd:element name="VFPData" msdata:IsDataSet="true">
			<xsd:complexType>
				<xsd:choice maxOccurs="unbounded">
					<xsd:element name="c_kpa" minOccurs="0" maxOccurs="unbounded">
						<xsd:complexType>
							<xsd:sequence>
								<xsd:element name="thang">
									<xsd:simpleType>
										<xsd:restriction base="xsd:string">
											<xsd:maxLength value="4"/>
										</xsd:restriction>
									</xsd:simpleType>
								</xsd:element>
								<xsd:element name="kdjendok">
									<xsd:simpleType>
										<xsd:restriction base="xsd:string">
											<xsd:maxLength value="2"/>
										</xsd:restriction>
									</xsd:simpleType>
								</xsd:element>
								<xsd:element name="kdsatker">
									<xsd:simpleType>
										<xsd:restriction base="xsd:string">
											<xsd:maxLength value="6"/>
										</xsd:restriction>
									</xsd:simpleType>
								</xsd:element>
								<xsd:element name="kddept">
									<xsd:simpleType>
										<xsd:restriction base="xsd:string">
											<xsd:maxLength value="3"/>
										</xsd:restriction>
									</xsd:simpleType>
								</xsd:element>
								<xsd:element name="kdunit">
									<xsd:simpleType>
										<xsd:restriction base="xsd:string">
											<xsd:maxLength value="2"/>
										</xsd:restriction>
									</xsd:simpleType>
								</xsd:element>
								<xsd:element name="kddekon">
									<xsd:simpleType>
										<xsd:restriction base="xsd:string">
											<xsd:maxLength value="1"/>
										</xsd:restriction>
									</xsd:simpleType>
								</xsd:element>
								<xsd:element name="kdlokasi">
									<xsd:simpleType>
										<xsd:restriction base="xsd:string">
											<xsd:maxLength value="2"/>
										</xsd:restriction>
									</xsd:simpleType>
								</xsd:element>
								<xsd:element name="kpa">
									<xsd:simpleType>
										<xsd:restriction base="xsd:string">
											<xsd:maxLength value="50"/>
										</xsd:restriction>
									</xsd:simpleType>
								</xsd:element>
								<xsd:element name="bendahara">
									<xsd:simpleType>
										<xsd:restriction base="xsd:string">
											<xsd:maxLength value="50"/>
										</xsd:restriction>
									</xsd:simpleType>
								</xsd:element>
								<xsd:element name="ppspm">
									<xsd:simpleType>
										<xsd:restriction base="xsd:string">
											<xsd:maxLength value="50"/>
										</xsd:restriction>
									</xsd:simpleType>
								</xsd:element>
								<xsd:element name="test">
									<xsd:simpleType>
										<xsd:restriction base="xsd:string">
											<xsd:maxLength value="2"/>
										</xsd:restriction>
									</xsd:simpleType>
								</xsd:element>
								<xsd:element name="statusblu">
									<xsd:simpleType>
										<xsd:restriction base="xsd:string">
											<xsd:maxLength value="1"/>
										</xsd:restriction>
									</xsd:simpleType>
								</xsd:element>
								<xsd:element name="pplpnbp">
									<xsd:simpleType>
										<xsd:restriction base="xsd:decimal">
											<xsd:totalDigits value="5"/>
											<xsd:fractionDigits value="2"/>
										</xsd:restriction>
									</xsd:simpleType>
								</xsd:element>
								<xsd:element name="esawk">
									<xsd:simpleType>
										<xsd:restriction base="xsd:decimal">
											<xsd:totalDigits value="17"/>
											<xsd:fractionDigits value="2"/>
										</xsd:restriction>
									</xsd:simpleType>
								</xsd:element>
								<xsd:element name="esawkguna">
									<xsd:simpleType>
										<xsd:restriction base="xsd:decimal">
											<xsd:totalDigits value="17"/>
											<xsd:fractionDigits value="2"/>
										</xsd:restriction>
									</xsd:simpleType>
								</xsd:element>
								<xsd:element name="esakk">
									<xsd:simpleType>
										<xsd:restriction base="xsd:decimal">
											<xsd:totalDigits value="17"/>
											<xsd:fractionDigits value="2"/>
										</xsd:restriction>
									</xsd:simpleType>
								</xsd:element>
								<xsd:element name="ambangbats">
									<xsd:simpleType>
										<xsd:restriction base="xsd:decimal">
											<xsd:totalDigits value="5"/>
											<xsd:fractionDigits value="2"/>
										</xsd:restriction>
									</xsd:simpleType>
								</xsd:element>
								<xsd:element name="npwp">
									<xsd:simpleType>
										<xsd:restriction base="xsd:string">
											<xsd:maxLength value="15"/>
										</xsd:restriction>
									</xsd:simpleType>
								</xsd:element>
								<xsd:element name="nodipa">
									<xsd:simpleType>
										<xsd:restriction base="xsd:string">
											<xsd:maxLength value="30"/>
										</xsd:restriction>
									</xsd:simpleType>
								</xsd:element>
								<xsd:element name="nosprkakl">
									<xsd:simpleType>
										<xsd:restriction base="xsd:string">
											<xsd:maxLength value="4"/>
										</xsd:restriction>
									</xsd:simpleType>
								</xsd:element>
								<xsd:element name="thsprkakl">
									<xsd:simpleType>
										<xsd:restriction base="xsd:string">
											<xsd:maxLength value="4"/>
										</xsd:restriction>
									</xsd:simpleType>
								</xsd:element>
								<xsd:element name="dasardipa">
									<xsd:simpleType>
										<xsd:restriction base="xsd:string">
											<xsd:maxLength value="50"/>
										</xsd:restriction>
									</xsd:simpleType>
								</xsd:element>
								<xsd:element name="email">
									<xsd:simpleType>
										<xsd:restriction base="xsd:string">
											<xsd:maxLength value="150"/>
										</xsd:restriction>
									</xsd:simpleType>
								</xsd:element>
							</xsd:sequence>
						</xsd:complexType>
					</xsd:element>
				</xsd:choice>
				<xsd:anyAttribute namespace="http://www.w3.org/XML/1998/namespace" processContents="lax"/>
			</xsd:complexType>
		</xsd:element>
	</xsd:schema>
	<c_kpa>
		<thang>2024</thang>
		<kdjendok>01</kdjendok>
		<kdsatker>237572</kdsatker>
		<kddept>018</kddept>
		<kdunit>09</kdunit>
		<kddekon>2</kddekon>
		<kdlokasi>05</kdlokasi>
		<kpa>DR. ANDY WIJANARKO, S.P., M.SI</kpa>
		<bendahara>DWI SULISTYOWATI, S.AP</bendahara>
		<ppspm>Tantri Dyah Ayu Anggraeni</ppspm>
		<test></test>
		<statusblu></statusblu>
		<pplpnbp>0</pplpnbp>
		<esawk>0</esawk>
		<esawkguna>0</esawkguna>
		<esakk>0</esakk>
		<ambangbats>0</ambangbats>
		<npwp>3573035108700003</npwp>
		<nodipa></nodipa>
		<nosprkakl></nosprkakl>
		<thsprkakl></thsprkakl>
		<dasardipa></dasardipa>
		<email>andy0042@sakti.mail.go.id</email>
		<levelrev></levelrev>
		<revrkaklke></revrkaklke>
		<revdipake></revdipake>
	</c_kpa>
</VFPData>