<?xml version = "1.0" encoding="UTF-8" standalone="yes"?>
<VFPData xml:space="preserve">
	<xsd:schema id="VFPData" xmlns:xsd="http://www.w3.org/2001/XMLSchema" xmlns:msdata="urn:schemas-microsoft-com:xml-msdata">
		<xsd:element name="VFPData" msdata:IsDataSet="true">
			<xsd:complexType>
				<xsd:choice maxOccurs="unbounded">
					<xsd:element name="c_kpjm" minOccurs="0" maxOccurs="unbounded">
						<xsd:complexType>
							<xsd:sequence>
								<xsd:element name="thang">
									<xsd:simpleType>
										<xsd:restriction base="xsd:string">
											<xsd:maxLength value="4"/>
										</xsd:restriction>
									</xsd:simpleType>
								</xsd:element>
								<xsd:element name="kdjendok">
									<xsd:simpleType>
										<xsd:restriction base="xsd:string">
											<xsd:maxLength value="2"/>
										</xsd:restriction>
									</xsd:simpleType>
								</xsd:element>
								<xsd:element name="kdsatker">
									<xsd:simpleType>
										<xsd:restriction base="xsd:string">
											<xsd:maxLength value="6"/>
										</xsd:restriction>
									</xsd:simpleType>
								</xsd:element>
								<xsd:element name="kddept">
									<xsd:simpleType>
										<xsd:restriction base="xsd:string">
											<xsd:maxLength value="3"/>
										</xsd:restriction>
									</xsd:simpleType>
								</xsd:element>
								<xsd:element name="kdunit">
									<xsd:simpleType>
										<xsd:restriction base="xsd:string">
											<xsd:maxLength value="2"/>
										</xsd:restriction>
									</xsd:simpleType>
								</xsd:element>
								<xsd:element name="kdprogram">
									<xsd:simpleType>
										<xsd:restriction base="xsd:string">
											<xsd:maxLength value="2"/>
										</xsd:restriction>
									</xsd:simpleType>
								</xsd:element>
								<xsd:element name="kdgiat">
									<xsd:simpleType>
										<xsd:restriction base="xsd:string">
											<xsd:maxLength value="4"/>
										</xsd:restriction>
									</xsd:simpleType>
								</xsd:element>
								<xsd:element name="kdoutput">
									<xsd:simpleType>
										<xsd:restriction base="xsd:string">
											<xsd:maxLength value="3"/>
										</xsd:restriction>
									</xsd:simpleType>
								</xsd:element>
								<xsd:element name="kdlokasi">
									<xsd:simpleType>
										<xsd:restriction base="xsd:string">
											<xsd:maxLength value="2"/>
										</xsd:restriction>
									</xsd:simpleType>
								</xsd:element>
								<xsd:element name="kdkabkota">
									<xsd:simpleType>
										<xsd:restriction base="xsd:string">
											<xsd:maxLength value="2"/>
										</xsd:restriction>
									</xsd:simpleType>
								</xsd:element>
								<xsd:element name="kddekon">
									<xsd:simpleType>
										<xsd:restriction base="xsd:string">
											<xsd:maxLength value="1"/>
										</xsd:restriction>
									</xsd:simpleType>
								</xsd:element>
								<xsd:element name="kdsoutput">
									<xsd:simpleType>
										<xsd:restriction base="xsd:string">
											<xsd:maxLength value="3"/>
										</xsd:restriction>
									</xsd:simpleType>
								</xsd:element>
								<xsd:element name="kdkmpnen">
									<xsd:simpleType>
										<xsd:restriction base="xsd:string">
											<xsd:maxLength value="3"/>
										</xsd:restriction>
									</xsd:simpleType>
								</xsd:element>
								<xsd:element name="kdsdana">
									<xsd:simpleType>
										<xsd:restriction base="xsd:string">
											<xsd:maxLength value="2"/>
										</xsd:restriction>
									</xsd:simpleType>
								</xsd:element>
								<xsd:element name="rphmin1_51">
									<xsd:simpleType>
										<xsd:restriction base="xsd:decimal">
											<xsd:totalDigits value="15"/>
											<xsd:fractionDigits value="0"/>
										</xsd:restriction>
									</xsd:simpleType>
								</xsd:element>
								<xsd:element name="rphpls1_51">
									<xsd:simpleType>
										<xsd:restriction base="xsd:decimal">
											<xsd:totalDigits value="15"/>
											<xsd:fractionDigits value="0"/>
										</xsd:restriction>
									</xsd:simpleType>
								</xsd:element>
								<xsd:element name="rphpls2_51">
									<xsd:simpleType>
										<xsd:restriction base="xsd:decimal">
											<xsd:totalDigits value="15"/>
											<xsd:fractionDigits value="0"/>
										</xsd:restriction>
									</xsd:simpleType>
								</xsd:element>
								<xsd:element name="rphpls3_51">
									<xsd:simpleType>
										<xsd:restriction base="xsd:decimal">
											<xsd:totalDigits value="15"/>
											<xsd:fractionDigits value="0"/>
										</xsd:restriction>
									</xsd:simpleType>
								</xsd:element>
								<xsd:element name="rphmin1_52">
									<xsd:simpleType>
										<xsd:restriction base="xsd:decimal">
											<xsd:totalDigits value="15"/>
											<xsd:fractionDigits value="0"/>
										</xsd:restriction>
									</xsd:simpleType>
								</xsd:element>
								<xsd:element name="rphpls1_52">
									<xsd:simpleType>
										<xsd:restriction base="xsd:decimal">
											<xsd:totalDigits value="15"/>
											<xsd:fractionDigits value="0"/>
										</xsd:restriction>
									</xsd:simpleType>
								</xsd:element>
								<xsd:element name="rphpls2_52">
									<xsd:simpleType>
										<xsd:restriction base="xsd:decimal">
											<xsd:totalDigits value="15"/>
											<xsd:fractionDigits value="0"/>
										</xsd:restriction>
									</xsd:simpleType>
								</xsd:element>
								<xsd:element name="rphpls3_52">
									<xsd:simpleType>
										<xsd:restriction base="xsd:decimal">
											<xsd:totalDigits value="15"/>
											<xsd:fractionDigits value="0"/>
										</xsd:restriction>
									</xsd:simpleType>
								</xsd:element>
								<xsd:element name="rphmin1_53">
									<xsd:simpleType>
										<xsd:restriction base="xsd:decimal">
											<xsd:totalDigits value="15"/>
											<xsd:fractionDigits value="0"/>
										</xsd:restriction>
									</xsd:simpleType>
								</xsd:element>
								<xsd:element name="rphpls1_53">
									<xsd:simpleType>
										<xsd:restriction base="xsd:decimal">
											<xsd:totalDigits value="15"/>
											<xsd:fractionDigits value="0"/>
										</xsd:restriction>
									</xsd:simpleType>
								</xsd:element>
								<xsd:element name="rphpls2_53">
									<xsd:simpleType>
										<xsd:restriction base="xsd:decimal">
											<xsd:totalDigits value="15"/>
											<xsd:fractionDigits value="0"/>
										</xsd:restriction>
									</xsd:simpleType>
								</xsd:element>
								<xsd:element name="rphpls3_53">
									<xsd:simpleType>
										<xsd:restriction base="xsd:decimal">
											<xsd:totalDigits value="15"/>
											<xsd:fractionDigits value="0"/>
										</xsd:restriction>
									</xsd:simpleType>
								</xsd:element>
								<xsd:element name="rphmin1_54">
									<xsd:simpleType>
										<xsd:restriction base="xsd:decimal">
											<xsd:totalDigits value="15"/>
											<xsd:fractionDigits value="0"/>
										</xsd:restriction>
									</xsd:simpleType>
								</xsd:element>
								<xsd:element name="rphpls1_54">
									<xsd:simpleType>
										<xsd:restriction base="xsd:decimal">
											<xsd:totalDigits value="15"/>
											<xsd:fractionDigits value="0"/>
										</xsd:restriction>
									</xsd:simpleType>
								</xsd:element>
								<xsd:element name="rphpls2_54">
									<xsd:simpleType>
										<xsd:restriction base="xsd:decimal">
											<xsd:totalDigits value="15"/>
											<xsd:fractionDigits value="0"/>
										</xsd:restriction>
									</xsd:simpleType>
								</xsd:element>
								<xsd:element name="rphpls3_54">
									<xsd:simpleType>
										<xsd:restriction base="xsd:decimal">
											<xsd:totalDigits value="15"/>
											<xsd:fractionDigits value="0"/>
										</xsd:restriction>
									</xsd:simpleType>
								</xsd:element>
								<xsd:element name="rphmin1_55">
									<xsd:simpleType>
										<xsd:restriction base="xsd:decimal">
											<xsd:totalDigits value="15"/>
											<xsd:fractionDigits value="0"/>
										</xsd:restriction>
									</xsd:simpleType>
								</xsd:element>
								<xsd:element name="rphpls1_55">
									<xsd:simpleType>
										<xsd:restriction base="xsd:decimal">
											<xsd:totalDigits value="15"/>
											<xsd:fractionDigits value="0"/>
										</xsd:restriction>
									</xsd:simpleType>
								</xsd:element>
								<xsd:element name="rphpls2_55">
									<xsd:simpleType>
										<xsd:restriction base="xsd:decimal">
											<xsd:totalDigits value="15"/>
											<xsd:fractionDigits value="0"/>
										</xsd:restriction>
									</xsd:simpleType>
								</xsd:element>
								<xsd:element name="rphpls3_55">
									<xsd:simpleType>
										<xsd:restriction base="xsd:decimal">
											<xsd:totalDigits value="15"/>
											<xsd:fractionDigits value="0"/>
										</xsd:restriction>
									</xsd:simpleType>
								</xsd:element>
								<xsd:element name="rphmin1_56">
									<xsd:simpleType>
										<xsd:restriction base="xsd:decimal">
											<xsd:totalDigits value="15"/>
											<xsd:fractionDigits value="0"/>
										</xsd:restriction>
									</xsd:simpleType>
								</xsd:element>
								<xsd:element name="rphpls1_56">
									<xsd:simpleType>
										<xsd:restriction base="xsd:decimal">
											<xsd:totalDigits value="15"/>
											<xsd:fractionDigits value="0"/>
										</xsd:restriction>
									</xsd:simpleType>
								</xsd:element>
								<xsd:element name="rphpls2_56">
									<xsd:simpleType>
										<xsd:restriction base="xsd:decimal">
											<xsd:totalDigits value="15"/>
											<xsd:fractionDigits value="0"/>
										</xsd:restriction>
									</xsd:simpleType>
								</xsd:element>
								<xsd:element name="rphpls3_56">
									<xsd:simpleType>
										<xsd:restriction base="xsd:decimal">
											<xsd:totalDigits value="15"/>
											<xsd:fractionDigits value="0"/>
										</xsd:restriction>
									</xsd:simpleType>
								</xsd:element>
								<xsd:element name="rphmin1_57">
									<xsd:simpleType>
										<xsd:restriction base="xsd:decimal">
											<xsd:totalDigits value="15"/>
											<xsd:fractionDigits value="0"/>
										</xsd:restriction>
									</xsd:simpleType>
								</xsd:element>
								<xsd:element name="rphpls1_57">
									<xsd:simpleType>
										<xsd:restriction base="xsd:decimal">
											<xsd:totalDigits value="15"/>
											<xsd:fractionDigits value="0"/>
										</xsd:restriction>
									</xsd:simpleType>
								</xsd:element>
								<xsd:element name="rphpls2_57">
									<xsd:simpleType>
										<xsd:restriction base="xsd:decimal">
											<xsd:totalDigits value="15"/>
											<xsd:fractionDigits value="0"/>
										</xsd:restriction>
									</xsd:simpleType>
								</xsd:element>
								<xsd:element name="rphpls3_57">
									<xsd:simpleType>
										<xsd:restriction base="xsd:decimal">
											<xsd:totalDigits value="15"/>
											<xsd:fractionDigits value="0"/>
										</xsd:restriction>
									</xsd:simpleType>
								</xsd:element>
								<xsd:element name="rphmin1_58">
									<xsd:simpleType>
										<xsd:restriction base="xsd:decimal">
											<xsd:totalDigits value="15"/>
											<xsd:fractionDigits value="0"/>
										</xsd:restriction>
									</xsd:simpleType>
								</xsd:element>
								<xsd:element name="rphpls1_58">
									<xsd:simpleType>
										<xsd:restriction base="xsd:decimal">
											<xsd:totalDigits value="15"/>
											<xsd:fractionDigits value="0"/>
										</xsd:restriction>
									</xsd:simpleType>
								</xsd:element>
								<xsd:element name="rphpls2_58">
									<xsd:simpleType>
										<xsd:restriction base="xsd:decimal">
											<xsd:totalDigits value="15"/>
											<xsd:fractionDigits value="0"/>
										</xsd:restriction>
									</xsd:simpleType>
								</xsd:element>
								<xsd:element name="rphpls3_58">
									<xsd:simpleType>
										<xsd:restriction base="xsd:decimal">
											<xsd:totalDigits value="15"/>
											<xsd:fractionDigits value="0"/>
										</xsd:restriction>
									</xsd:simpleType>
								</xsd:element>
								<xsd:element name="volmin1">
									<xsd:simpleType>
										<xsd:restriction base="xsd:decimal">
											<xsd:totalDigits value="15"/>
											<xsd:fractionDigits value="0"/>
										</xsd:restriction>
									</xsd:simpleType>
								</xsd:element>
								<xsd:element name="volpls1">
									<xsd:simpleType>
										<xsd:restriction base="xsd:decimal">
											<xsd:totalDigits value="15"/>
											<xsd:fractionDigits value="0"/>
										</xsd:restriction>
									</xsd:simpleType>
								</xsd:element>
								<xsd:element name="volpls2">
									<xsd:simpleType>
										<xsd:restriction base="xsd:decimal">
											<xsd:totalDigits value="15"/>
											<xsd:fractionDigits value="0"/>
										</xsd:restriction>
									</xsd:simpleType>
								</xsd:element>
								<xsd:element name="kdlevel">
									<xsd:simpleType>
										<xsd:restriction base="xsd:string">
											<xsd:maxLength value="1"/>
										</xsd:restriction>
									</xsd:simpleType>
								</xsd:element>
								<xsd:element name="volpls3">
									<xsd:simpleType>
										<xsd:restriction base="xsd:decimal">
											<xsd:totalDigits value="15"/>
											<xsd:fractionDigits value="0"/>
										</xsd:restriction>
									</xsd:simpleType>
								</xsd:element>
							</xsd:sequence>
						</xsd:complexType>
					</xsd:element>
				</xsd:choice>
				<xsd:anyAttribute namespace="http://www.w3.org/XML/1998/namespace" processContents="lax"/>
			</xsd:complexType>
		</xsd:element>
	</xsd:schema>
</VFPData>