<?xml version = "1.0" encoding="UTF-8" standalone="yes"?>
<VFPData xml:space="preserve">
	<xsd:schema id="VFPData" xmlns:xsd="http://www.w3.org/2001/XMLSchema" xmlns:msdata="urn:schemas-microsoft-com:xml-msdata">
		<xsd:element name="VFPData" msdata:IsDataSet="true">
			<xsd:complexType>
				<xsd:choice maxOccurs="unbounded">
					<xsd:element name="c_nprogram" minOccurs="0" maxOccurs="unbounded">
						<xsd:complexType>
							<xsd:sequence>
								<xsd:element name="thang">
									<xsd:simpleType>
										<xsd:restriction base="xsd:string">
											<xsd:maxLength value="4"/>
										</xsd:restriction>
									</xsd:simpleType>
								</xsd:element>
								<xsd:element name="kddept">
									<xsd:simpleType>
										<xsd:restriction base="xsd:string">
											<xsd:maxLength value="3"/>
										</xsd:restriction>
									</xsd:simpleType>
								</xsd:element>
								<xsd:element name="kdunit">
									<xsd:simpleType>
										<xsd:restriction base="xsd:string">
											<xsd:maxLength value="2"/>
										</xsd:restriction>
									</xsd:simpleType>
								</xsd:element>
								<xsd:element name="kdprogram">
									<xsd:simpleType>
										<xsd:restriction base="xsd:string">
											<xsd:maxLength value="2"/>
										</xsd:restriction>
									</xsd:simpleType>
								</xsd:element>
								<xsd:element name="spoutcome">
									<xsd:simpleType>
										<xsd:restriction base="xsd:string">
											<xsd:maxLength value="2147483647"/>
										</xsd:restriction>
									</xsd:simpleType>
								</xsd:element>
								<xsd:element name="pppdpt">
									<xsd:simpleType>
										<xsd:restriction base="xsd:string">
											<xsd:maxLength value="2147483647"/>
										</xsd:restriction>
									</xsd:simpleType>
								</xsd:element>
							</xsd:sequence>
						</xsd:complexType>
					</xsd:element>
				</xsd:choice>
				<xsd:anyAttribute namespace="http://www.w3.org/XML/1998/namespace" processContents="lax"/>
			</xsd:complexType>
		</xsd:element>
	</xsd:schema>
</VFPData>