<?xml version = "1.0" encoding="UTF-8" standalone="yes"?>
<VFPData xml:space="preserve">
	<xsd:schema id="VFPData" xmlns:xsd="http://www.w3.org/2001/XMLSchema" xmlns:msdata="urn:schemas-microsoft-com:xml-msdata">
		<xsd:element name="VFPData" msdata:IsDataSet="true">
			<xsd:complexType>
				<xsd:choice maxOccurs="unbounded">
					<xsd:element name="c_output" minOccurs="0" maxOccurs="unbounded">
						<xsd:complexType>
							<xsd:sequence>
								<xsd:element name="thang">
									<xsd:simpleType>
										<xsd:restriction base="xsd:string">
											<xsd:maxLength value="4"/>
										</xsd:restriction>
									</xsd:simpleType>
								</xsd:element>
								<xsd:element name="kdjendok">
									<xsd:simpleType>
										<xsd:restriction base="xsd:string">
											<xsd:maxLength value="2"/>
										</xsd:restriction>
									</xsd:simpleType>
								</xsd:element>
								<xsd:element name="kdsatker">
									<xsd:simpleType>
										<xsd:restriction base="xsd:string">
											<xsd:maxLength value="6"/>
										</xsd:restriction>
									</xsd:simpleType>
								</xsd:element>
								<xsd:element name="kddept">
									<xsd:simpleType>
										<xsd:restriction base="xsd:string">
											<xsd:maxLength value="3"/>
										</xsd:restriction>
									</xsd:simpleType>
								</xsd:element>
								<xsd:element name="kdunit">
									<xsd:simpleType>
										<xsd:restriction base="xsd:string">
											<xsd:maxLength value="2"/>
										</xsd:restriction>
									</xsd:simpleType>
								</xsd:element>
								<xsd:element name="kdprogram">
									<xsd:simpleType>
										<xsd:restriction base="xsd:string">
											<xsd:maxLength value="2"/>
										</xsd:restriction>
									</xsd:simpleType>
								</xsd:element>
								<xsd:element name="kdgiat">
									<xsd:simpleType>
										<xsd:restriction base="xsd:string">
											<xsd:maxLength value="4"/>
										</xsd:restriction>
									</xsd:simpleType>
								</xsd:element>
								<xsd:element name="kdoutput">
									<xsd:simpleType>
										<xsd:restriction base="xsd:string">
											<xsd:maxLength value="3"/>
										</xsd:restriction>
									</xsd:simpleType>
								</xsd:element>
								<xsd:element name="kdlokasi">
									<xsd:simpleType>
										<xsd:restriction base="xsd:string">
											<xsd:maxLength value="2"/>
										</xsd:restriction>
									</xsd:simpleType>
								</xsd:element>
								<xsd:element name="kdkabkota">
									<xsd:simpleType>
										<xsd:restriction base="xsd:string">
											<xsd:maxLength value="2"/>
										</xsd:restriction>
									</xsd:simpleType>
								</xsd:element>
								<xsd:element name="kddekon">
									<xsd:simpleType>
										<xsd:restriction base="xsd:string">
											<xsd:maxLength value="1"/>
										</xsd:restriction>
									</xsd:simpleType>
								</xsd:element>
								<xsd:element name="volmin1" minOccurs="0">
									<xsd:simpleType>
										<xsd:restriction base="xsd:decimal">
											<xsd:totalDigits value="19"/>
											<xsd:fractionDigits value="4"/>
										</xsd:restriction>
									</xsd:simpleType>
								</xsd:element>
								<xsd:element name="vol">
									<xsd:simpleType>
										<xsd:restriction base="xsd:decimal">
											<xsd:totalDigits value="19"/>
											<xsd:fractionDigits value="4"/>
										</xsd:restriction>
									</xsd:simpleType>
								</xsd:element>
								<xsd:element name="volpls1" minOccurs="0">
									<xsd:simpleType>
										<xsd:restriction base="xsd:decimal">
											<xsd:totalDigits value="19"/>
											<xsd:fractionDigits value="4"/>
										</xsd:restriction>
									</xsd:simpleType>
								</xsd:element>
								<xsd:element name="volpls2" minOccurs="0">
									<xsd:simpleType>
										<xsd:restriction base="xsd:decimal">
											<xsd:totalDigits value="19"/>
											<xsd:fractionDigits value="4"/>
										</xsd:restriction>
									</xsd:simpleType>
								</xsd:element>
								<xsd:element name="volpls3" minOccurs="0">
									<xsd:simpleType>
										<xsd:restriction base="xsd:decimal">
											<xsd:totalDigits value="19"/>
											<xsd:fractionDigits value="4"/>
										</xsd:restriction>
									</xsd:simpleType>
								</xsd:element>
								<xsd:element name="volsbk" minOccurs="0">
									<xsd:simpleType>
										<xsd:restriction base="xsd:decimal">
											<xsd:totalDigits value="19"/>
											<xsd:fractionDigits value="4"/>
										</xsd:restriction>
									</xsd:simpleType>
								</xsd:element>
								<xsd:element name="rphmin1" minOccurs="0">
									<xsd:simpleType>
										<xsd:restriction base="xsd:decimal">
											<xsd:totalDigits value="15"/>
											<xsd:fractionDigits value="0"/>
										</xsd:restriction>
									</xsd:simpleType>
								</xsd:element>
								<xsd:element name="rphpls1" minOccurs="0">
									<xsd:simpleType>
										<xsd:restriction base="xsd:decimal">
											<xsd:totalDigits value="15"/>
											<xsd:fractionDigits value="0"/>
										</xsd:restriction>
									</xsd:simpleType>
								</xsd:element>
								<xsd:element name="rphpls2" minOccurs="0">
									<xsd:simpleType>
										<xsd:restriction base="xsd:decimal">
											<xsd:totalDigits value="15"/>
											<xsd:fractionDigits value="0"/>
										</xsd:restriction>
									</xsd:simpleType>
								</xsd:element>
								<xsd:element name="rphpls3" minOccurs="0">
									<xsd:simpleType>
										<xsd:restriction base="xsd:decimal">
											<xsd:totalDigits value="15"/>
											<xsd:fractionDigits value="0"/>
										</xsd:restriction>
									</xsd:simpleType>
								</xsd:element>
								<xsd:element name="sbkket">
									<xsd:simpleType>
										<xsd:restriction base="xsd:string">
											<xsd:maxLength value="250"/>
										</xsd:restriction>
									</xsd:simpleType>
								</xsd:element>
								<xsd:element name="sbkmin1">
									<xsd:simpleType>
										<xsd:restriction base="xsd:decimal">
											<xsd:totalDigits value="10"/>
											<xsd:fractionDigits value="0"/>
										</xsd:restriction>
									</xsd:simpleType>
								</xsd:element>
								<xsd:element name="kdsb">
									<xsd:simpleType>
										<xsd:restriction base="xsd:string">
											<xsd:maxLength value="1"/>
										</xsd:restriction>
									</xsd:simpleType>
								</xsd:element>
								<xsd:element name="kdjoutput">
									<xsd:simpleType>
										<xsd:restriction base="xsd:string">
											<xsd:maxLength value="1"/>
										</xsd:restriction>
									</xsd:simpleType>
								</xsd:element>
								<xsd:element name="thangawal">
									<xsd:simpleType>
										<xsd:restriction base="xsd:string">
											<xsd:maxLength value="4"/>
										</xsd:restriction>
									</xsd:simpleType>
								</xsd:element>
								<xsd:element name="thangakhir">
									<xsd:simpleType>
										<xsd:restriction base="xsd:string">
											<xsd:maxLength value="4"/>
										</xsd:restriction>
									</xsd:simpleType>
								</xsd:element>
								<xsd:element name="kdtema">
									<xsd:simpleType>
										<xsd:restriction base="xsd:string">
											<xsd:maxLength value="50"/>
										</xsd:restriction>
									</xsd:simpleType>
								</xsd:element>
								<xsd:element name="kdib">
									<xsd:simpleType>
										<xsd:restriction base="xsd:string">
											<xsd:maxLength value="2"/>
										</xsd:restriction>
									</xsd:simpleType>
								</xsd:element>
								<xsd:element name="kdauto">
									<xsd:simpleType>
										<xsd:restriction base="xsd:string">
											<xsd:maxLength value="1"/>
										</xsd:restriction>
									</xsd:simpleType>
								</xsd:element>
								<xsd:element name="kdmulti">
									<xsd:simpleType>
										<xsd:restriction base="xsd:string">
											<xsd:maxLength value="1"/>
										</xsd:restriction>
									</xsd:simpleType>
								</xsd:element>
							</xsd:sequence>
						</xsd:complexType>
					</xsd:element>
				</xsd:choice>
				<xsd:anyAttribute namespace="http://www.w3.org/XML/1998/namespace" processContents="lax"/>
			</xsd:complexType>
		</xsd:element>
	</xsd:schema>
	<c_output>
		<thang>2024</thang>
		<kdjendok>01</kdjendok>
		<kdsatker>237572</kdsatker>
		<kddept>018</kddept>
		<kdunit>09</kdunit>
		<kdprogram>EC</kdprogram>
		<kdgiat>6916</kdgiat>
		<kdoutput>AEF</kdoutput>
		<kdlokasi>05</kdlokasi>
		<kdkabkota>13</kdkabkota>
		<kddekon>2</kddekon>
		<volmin1>0</volmin1>
		<vol>25</vol>
		<volpls1>0</volpls1>
		<volpls2>0</volpls2>
		<volpls3>0</volpls3>
		<volsbk>0</volsbk>
		<rphmin1>0</rphmin1>
		<rphpls1>0</rphpls1>
		<rphpls2>0</rphpls2>
		<rphpls3>0</rphpls3>
		<sbkket></sbkket>
		<sbkmin1>0</sbkmin1>
		<kdsb></kdsb>
		<kdjoutput></kdjoutput>
		<thangawal></thangawal>
		<thangakhir></thangakhir>
		<kdtema></kdtema>
		<kdib>00</kdib>
		<kdauto>0</kdauto>
		<kdmulti></kdmulti>
		<levelrev></levelrev>
		<revrkaklke></revrkaklke>
		<revdipake></revdipake>
	</c_output>
	<c_output>
		<thang>2024</thang>
		<kdjendok>01</kdjendok>
		<kdsatker>237572</kdsatker>
		<kddept>018</kddept>
		<kdunit>09</kdunit>
		<kdprogram>EC</kdprogram>
		<kdgiat>6916</kdgiat>
		<kdoutput>BJA</kdoutput>
		<kdlokasi>05</kdlokasi>
		<kdkabkota>13</kdkabkota>
		<kddekon>2</kddekon>
		<volmin1>0</volmin1>
		<vol>50</vol>
		<volpls1>0</volpls1>
		<volpls2>0</volpls2>
		<volpls3>0</volpls3>
		<volsbk>0</volsbk>
		<rphmin1>0</rphmin1>
		<rphpls1>0</rphpls1>
		<rphpls2>0</rphpls2>
		<rphpls3>0</rphpls3>
		<sbkket></sbkket>
		<sbkmin1>0</sbkmin1>
		<kdsb></kdsb>
		<kdjoutput></kdjoutput>
		<thangawal></thangawal>
		<thangakhir></thangakhir>
		<kdtema></kdtema>
		<kdib>00</kdib>
		<kdauto>0</kdauto>
		<kdmulti></kdmulti>
		<levelrev></levelrev>
		<revrkaklke></revrkaklke>
		<revdipake></revdipake>
	</c_output>
	<c_output>
		<thang>2024</thang>
		<kdjendok>01</kdjendok>
		<kdsatker>237572</kdsatker>
		<kddept>018</kddept>
		<kdunit>09</kdunit>
		<kdprogram>EC</kdprogram>
		<kdgiat>6916</kdgiat>
		<kdoutput>CAG</kdoutput>
		<kdlokasi>05</kdlokasi>
		<kdkabkota>13</kdkabkota>
		<kddekon>2</kddekon>
		<volmin1>0</volmin1>
		<vol>11</vol>
		<volpls1>0</volpls1>
		<volpls2>0</volpls2>
		<volpls3>0</volpls3>
		<volsbk>0</volsbk>
		<rphmin1>0</rphmin1>
		<rphpls1>0</rphpls1>
		<rphpls2>0</rphpls2>
		<rphpls3>0</rphpls3>
		<sbkket></sbkket>
		<sbkmin1>0</sbkmin1>
		<kdsb></kdsb>
		<kdjoutput></kdjoutput>
		<thangawal></thangawal>
		<thangakhir></thangakhir>
		<kdtema></kdtema>
		<kdib>00</kdib>
		<kdauto>0</kdauto>
		<kdmulti></kdmulti>
		<levelrev></levelrev>
		<revrkaklke></revrkaklke>
		<revdipake></revdipake>
	</c_output>
	<c_output>
		<thang>2024</thang>
		<kdjendok>01</kdjendok>
		<kdsatker>237572</kdsatker>
		<kddept>018</kddept>
		<kdunit>09</kdunit>
		<kdprogram>WA</kdprogram>
		<kdgiat>6918</kdgiat>
		<kdoutput>EBA</kdoutput>
		<kdlokasi>05</kdlokasi>
		<kdkabkota>13</kdkabkota>
		<kddekon>2</kddekon>
		<volmin1>0</volmin1>
		<vol>2</vol>
		<volpls1>0</volpls1>
		<volpls2>0</volpls2>
		<volpls3>0</volpls3>
		<volsbk>0</volsbk>
		<rphmin1>0</rphmin1>
		<rphpls1>0</rphpls1>
		<rphpls2>0</rphpls2>
		<rphpls3>0</rphpls3>
		<sbkket></sbkket>
		<sbkmin1>0</sbkmin1>
		<kdsb></kdsb>
		<kdjoutput></kdjoutput>
		<thangawal></thangawal>
		<thangakhir></thangakhir>
		<kdtema></kdtema>
		<kdib>00</kdib>
		<kdauto>0</kdauto>
		<kdmulti></kdmulti>
		<levelrev></levelrev>
		<revrkaklke></revrkaklke>
		<revdipake></revdipake>
	</c_output>
	<c_output>
		<thang>2024</thang>
		<kdjendok>01</kdjendok>
		<kdsatker>237572</kdsatker>
		<kddept>018</kddept>
		<kdunit>09</kdunit>
		<kdprogram>WA</kdprogram>
		<kdgiat>6918</kdgiat>
		<kdoutput>EBC</kdoutput>
		<kdlokasi>05</kdlokasi>
		<kdkabkota>13</kdkabkota>
		<kddekon>2</kddekon>
		<volmin1>0</volmin1>
		<vol>63</vol>
		<volpls1>0</volpls1>
		<volpls2>0</volpls2>
		<volpls3>0</volpls3>
		<volsbk>0</volsbk>
		<rphmin1>0</rphmin1>
		<rphpls1>0</rphpls1>
		<rphpls2>0</rphpls2>
		<rphpls3>0</rphpls3>
		<sbkket></sbkket>
		<sbkmin1>0</sbkmin1>
		<kdsb></kdsb>
		<kdjoutput></kdjoutput>
		<thangawal></thangawal>
		<thangakhir></thangakhir>
		<kdtema></kdtema>
		<kdib>00</kdib>
		<kdauto>0</kdauto>
		<kdmulti></kdmulti>
		<levelrev></levelrev>
		<revrkaklke></revrkaklke>
		<revdipake></revdipake>
	</c_output>
	<c_output>
		<thang>2024</thang>
		<kdjendok>01</kdjendok>
		<kdsatker>237572</kdsatker>
		<kddept>018</kddept>
		<kdunit>09</kdunit>
		<kdprogram>EC</kdprogram>
		<kdgiat>6916</kdgiat>
		<kdoutput>ADA</kdoutput>
		<kdlokasi>05</kdlokasi>
		<kdkabkota>13</kdkabkota>
		<kddekon>2</kddekon>
		<volmin1>0</volmin1>
		<vol>2</vol>
		<volpls1>0</volpls1>
		<volpls2>0</volpls2>
		<volpls3>0</volpls3>
		<volsbk>0</volsbk>
		<rphmin1>0</rphmin1>
		<rphpls1>0</rphpls1>
		<rphpls2>0</rphpls2>
		<rphpls3>0</rphpls3>
		<sbkket></sbkket>
		<sbkmin1>0</sbkmin1>
		<kdsb></kdsb>
		<kdjoutput></kdjoutput>
		<thangawal></thangawal>
		<thangakhir></thangakhir>
		<kdtema></kdtema>
		<kdib>00</kdib>
		<kdauto>0</kdauto>
		<kdmulti></kdmulti>
		<levelrev></levelrev>
		<revrkaklke></revrkaklke>
		<revdipake></revdipake>
	</c_output>
	<c_output>
		<thang>2024</thang>
		<kdjendok>01</kdjendok>
		<kdsatker>237572</kdsatker>
		<kddept>018</kddept>
		<kdunit>09</kdunit>
		<kdprogram>WA</kdprogram>
		<kdgiat>6918</kdgiat>
		<kdoutput>EBD</kdoutput>
		<kdlokasi>05</kdlokasi>
		<kdkabkota>13</kdkabkota>
		<kddekon>2</kddekon>
		<volmin1>0</volmin1>
		<vol>3</vol>
		<volpls1>0</volpls1>
		<volpls2>0</volpls2>
		<volpls3>0</volpls3>
		<volsbk>0</volsbk>
		<rphmin1>0</rphmin1>
		<rphpls1>0</rphpls1>
		<rphpls2>0</rphpls2>
		<rphpls3>0</rphpls3>
		<sbkket></sbkket>
		<sbkmin1>0</sbkmin1>
		<kdsb></kdsb>
		<kdjoutput></kdjoutput>
		<thangawal></thangawal>
		<thangakhir></thangakhir>
		<kdtema></kdtema>
		<kdib>00</kdib>
		<kdauto>0</kdauto>
		<kdmulti></kdmulti>
		<levelrev></levelrev>
		<revrkaklke></revrkaklke>
		<revdipake></revdipake>
	</c_output>
</VFPData>