<?xml version = "1.0" encoding="UTF-8" standalone="yes"?>
<VFPData xml:space="preserve">
	<xsd:schema id="VFPData" xmlns:xsd="http://www.w3.org/2001/XMLSchema" xmlns:msdata="urn:schemas-microsoft-com:xml-msdata">
		<xsd:element name="VFPData" msdata:IsDataSet="true">
			<xsd:complexType>
				<xsd:choice maxOccurs="unbounded">
					<xsd:element name="c_pdpt" minOccurs="0" maxOccurs="unbounded">
						<xsd:complexType>
							<xsd:sequence>
								<xsd:element name="thang">
									<xsd:simpleType>
										<xsd:restriction base="xsd:string">
											<xsd:maxLength value="4"/>
										</xsd:restriction>
									</xsd:simpleType>
								</xsd:element>
								<xsd:element name="kdsatker">
									<xsd:simpleType>
										<xsd:restriction base="xsd:string">
											<xsd:maxLength value="6"/>
										</xsd:restriction>
									</xsd:simpleType>
								</xsd:element>
								<xsd:element name="kddept">
									<xsd:simpleType>
										<xsd:restriction base="xsd:string">
											<xsd:maxLength value="3"/>
										</xsd:restriction>
									</xsd:simpleType>
								</xsd:element>
								<xsd:element name="kdunit">
									<xsd:simpleType>
										<xsd:restriction base="xsd:string">
											<xsd:maxLength value="2"/>
										</xsd:restriction>
									</xsd:simpleType>
								</xsd:element>
								<xsd:element name="kdprogram">
									<xsd:simpleType>
										<xsd:restriction base="xsd:string">
											<xsd:maxLength value="2"/>
										</xsd:restriction>
									</xsd:simpleType>
								</xsd:element>
								<xsd:element name="kdgiat">
									<xsd:simpleType>
										<xsd:restriction base="xsd:string">
											<xsd:maxLength value="4"/>
										</xsd:restriction>
									</xsd:simpleType>
								</xsd:element>
								<xsd:element name="kdakun">
									<xsd:simpleType>
										<xsd:restriction base="xsd:string">
											<xsd:maxLength value="6"/>
										</xsd:restriction>
									</xsd:simpleType>
								</xsd:element>
								<xsd:element name="kdpnbpf">
									<xsd:simpleType>
										<xsd:restriction base="xsd:string">
											<xsd:maxLength value="1"/>
										</xsd:restriction>
									</xsd:simpleType>
								</xsd:element>
								<xsd:element name="rphmin1" minOccurs="0">
									<xsd:simpleType>
										<xsd:restriction base="xsd:decimal">
											<xsd:totalDigits value="15"/>
											<xsd:fractionDigits value="0"/>
										</xsd:restriction>
									</xsd:simpleType>
								</xsd:element>
								<xsd:element name="rphpdpt" minOccurs="0">
									<xsd:simpleType>
										<xsd:restriction base="xsd:decimal">
											<xsd:totalDigits value="15"/>
											<xsd:fractionDigits value="0"/>
										</xsd:restriction>
									</xsd:simpleType>
								</xsd:element>
								<xsd:element name="rphpls1" minOccurs="0">
									<xsd:simpleType>
										<xsd:restriction base="xsd:decimal">
											<xsd:totalDigits value="15"/>
											<xsd:fractionDigits value="0"/>
										</xsd:restriction>
									</xsd:simpleType>
								</xsd:element>
								<xsd:element name="rphpls2" minOccurs="0">
									<xsd:simpleType>
										<xsd:restriction base="xsd:decimal">
											<xsd:totalDigits value="15"/>
											<xsd:fractionDigits value="0"/>
										</xsd:restriction>
									</xsd:simpleType>
								</xsd:element>
								<xsd:element name="rphpls3">
									<xsd:simpleType>
										<xsd:restriction base="xsd:decimal">
											<xsd:totalDigits value="15"/>
											<xsd:fractionDigits value="0"/>
										</xsd:restriction>
									</xsd:simpleType>
								</xsd:element>
							</xsd:sequence>
						</xsd:complexType>
					</xsd:element>
				</xsd:choice>
				<xsd:anyAttribute namespace="http://www.w3.org/XML/1998/namespace" processContents="lax"/>
			</xsd:complexType>
		</xsd:element>
	</xsd:schema>
	<c_pdpt>
		<thang>2024</thang>
		<kdsatker>237572</kdsatker>
		<kddept>018</kddept>
		<kdunit>09</kdunit>
		<kdprogram>WA</kdprogram>
		<kdgiat>6918</kdgiat>
		<kdakun>425112</kdakun>
		<kdpnbpf>1</kdpnbpf>
		<rphmin1>0</rphmin1>
		<rphpdpt>618918000</rphpdpt>
		<rphpls1>0</rphpls1>
		<rphpls2>0</rphpls2>
		<rphpls3>0</rphpls3>
		<levelrev></levelrev>
		<revrkaklke></revrkaklke>
		<revdipake></revdipake>
	</c_pdpt>
	<c_pdpt>
		<thang>2024</thang>
		<kdsatker>237572</kdsatker>
		<kddept>018</kddept>
		<kdunit>09</kdunit>
		<kdprogram>WA</kdprogram>
		<kdgiat>6918</kdgiat>
		<kdakun>425151</kdakun>
		<kdpnbpf>1</kdpnbpf>
		<rphmin1>0</rphmin1>
		<rphpdpt>46500000</rphpdpt>
		<rphpls1>0</rphpls1>
		<rphpls2>0</rphpls2>
		<rphpls3>0</rphpls3>
		<levelrev></levelrev>
		<revrkaklke></revrkaklke>
		<revdipake></revdipake>
	</c_pdpt>
</VFPData>